{"cameraMode":{"drawMode":0,"name":"Shaded","section":"Shading Mode"},"sceneLighting":false,"audioPlay":false,"sceneViewState":{"m_AlwaysRefresh":false,"showFog":false,"showSkybox":false,"showFlares":true,"showImageEffects":true,"showParticleSystems":true,"showVisualEffectGraphs":true,"m_FxEnabled":true},"in2DMode":false,"pivot":{"x":-0.26518404483795168,"y":0.794959306716919,"z":-0.37364137172698977},"rotation":{"x":0.17333820462226869,"y":-0.5365343689918518,"z":0.11369001865386963,"w":0.8180253505706787},"size":0.2831929326057434,"orthographic":false}