{"cameraMode":{"drawMode":0,"name":"Shaded","section":"Shading Mode"},"sceneLighting":false,"audioPlay":false,"sceneViewState":{"m_AlwaysRefresh":false,"showFog":false,"showSkybox":false,"showFlares":true,"showImageEffects":true,"showParticleSystems":true,"showVisualEffectGraphs":true,"m_FxEnabled":false},"in2DMode":false,"pivot":{"x":0.25471973419189455,"y":2.6664528846740724,"z":0.18191814422607423},"rotation":{"x":0.09465189278125763,"y":0.648669421672821,"z":-0.0817578136920929,"w":0.7507566213607788},"size":5.906092643737793,"orthographic":false}