{"cameraMode":{"drawMode":0,"name":"Shaded","section":"Shading Mode"},"sceneLighting":true,"audioPlay":false,"sceneViewState":{"m_AlwaysRefresh":false,"showFog":false,"showSkybox":true,"showFlares":true,"showImageEffects":true,"showParticleSystems":true,"showVisualEffectGraphs":true,"m_FxEnabled":true},"in2DMode":false,"pivot":{"x":0.22026491165161134,"y":4.264534950256348,"z":0.7518610954284668},"rotation":{"x":0.019141310825943948,"y":0.9306400418281555,"z":-0.049192916601896289,"w":0.362157940864563},"size":4.738600254058838,"orthographic":false}