{"cameraMode":{"drawMode":0,"name":"Shaded","section":"Shading Mode"},"sceneLighting":true,"audioPlay":false,"sceneViewState":{"m_AlwaysRefresh":false,"showFog":false,"showSkybox":true,"showFlares":true,"showImageEffects":true,"showParticleSystems":true,"showVisualEffectGraphs":true,"m_FxEnabled":true},"in2DMode":false,"pivot":{"x":1.0275495052337647,"y":0.23806095123291017,"z":0.7227468490600586},"rotation":{"x":0.5412903428077698,"y":-0.07419539988040924,"z":0.04802989587187767,"w":0.8361825942993164},"size":4.899482250213623,"orthographic":false}