{"cameraMode":{"drawMode":0,"name":"Shaded","section":"Shading Mode"},"sceneLighting":true,"audioPlay":false,"sceneViewState":{"m_AlwaysRefresh":true,"showFog":true,"showSkybox":true,"showFlares":true,"showImageEffects":true,"showParticleSystems":true,"showVisualEffectGraphs":true,"m_FxEnabled":true},"in2DMode":false,"pivot":{"x":-1.8847593069076539,"y":4.353066444396973,"z":1.9231114387512208},"rotation":{"x":0.009180782362818718,"y":0.9645437598228455,"z":0.03387434780597687,"w":-0.26164624094963076},"size":8.619601249694825,"orthographic":false}