{"cameraMode":{"drawMode":0,"name":"Shaded","section":"Shading Mode"},"sceneLighting":true,"audioPlay":false,"sceneViewState":{"m_AlwaysRefresh":false,"showFog":false,"showSkybox":true,"showFlares":true,"showImageEffects":true,"showParticleSystems":true,"showVisualEffectGraphs":true,"m_FxEnabled":true},"in2DMode":false,"pivot":{"x":10.291805267333985,"y":1.185448408126831,"z":-0.12051129341125488},"rotation":{"x":0.040957074612379077,"y":-0.0226508229970932,"z":0.0008412178140133619,"w":0.998909592628479},"size":0.17044872045516969,"orthographic":false}