{"cameraMode":{"drawMode":0,"name":"Shaded","section":"Shading Mode"},"sceneLighting":true,"audioPlay":false,"sceneViewState":{"m_AlwaysRefresh":false,"showFog":false,"showSkybox":true,"showFlares":true,"showImageEffects":true,"showParticleSystems":true,"showVisualEffectGraphs":true,"m_FxEnabled":true},"in2DMode":false,"pivot":{"x":-0.3027328848838806,"y":1.698013186454773,"z":0.4529242515563965},"rotation":{"x":-0.22569729387760163,"y":-0.17081639170646668,"z":0.04025169089436531,"w":-0.9582910537719727},"size":0.8660253882408142,"orthographic":false}