{"cameraMode":{"drawMode":0,"name":"Shaded","section":"Shading Mode"},"sceneLighting":true,"audioPlay":false,"sceneViewState":{"m_AlwaysRefresh":false,"showFog":false,"showSkybox":true,"showFlares":true,"showImageEffects":true,"showParticleSystems":true,"showVisualEffectGraphs":true,"m_FxEnabled":true},"in2DMode":false,"pivot":{"x":11.773311614990235,"y":0.4218226671218872,"z":-29.315919876098634},"rotation":{"x":0.1551312357187271,"y":-0.1581428050994873,"z":0.025166863575577737,"w":0.9748538136482239},"size":1.2427887916564942,"orthographic":false}