{"cameraMode":{"drawMode":0,"name":"Shaded","section":"Shading Mode"},"sceneLighting":true,"audioPlay":false,"sceneViewState":{"m_AlwaysRefresh":true,"showFog":true,"showSkybox":true,"showFlares":true,"showImageEffects":true,"showParticleSystems":true,"showVisualEffectGraphs":true,"m_FxEnabled":true},"in2DMode":false,"pivot":{"x":-10.952061653137207,"y":0.6422899961471558,"z":-12.445487976074219},"rotation":{"x":0.14494025707244874,"y":-0.025227511301636697,"z":0.003695812076330185,"w":0.9891133904457092},"size":3.6500062942504885,"orthographic":false}