{"cameraMode":{"drawMode":0,"name":"Shaded","section":"Shading Mode"},"sceneLighting":true,"audioPlay":false,"sceneViewState":{"m_AlwaysRefresh":false,"showFog":false,"showSkybox":true,"showFlares":true,"showImageEffects":true,"showParticleSystems":true,"showVisualEffectGraphs":true,"m_FxEnabled":true},"in2DMode":false,"pivot":{"x":0.1319236159324646,"y":0.901203453540802,"z":0.4172881841659546},"rotation":{"x":0.15310721099376679,"y":-0.11712618917226792,"z":0.018283594399690629,"w":0.9810947179794312},"size":0.5831929445266724,"orthographic":false}