{"cameraMode":{"drawMode":0,"name":"Shaded","section":"Shading Mode"},"sceneLighting":true,"audioPlay":false,"sceneViewState":{"m_AlwaysRefresh":false,"showFog":false,"showSkybox":true,"showFlares":true,"showImageEffects":true,"showParticleSystems":true,"showVisualEffectGraphs":true,"m_FxEnabled":false},"in2DMode":false,"pivot":{"x":-0.0027390504255890848,"y":1.6396509408950806,"z":0.08031396567821503},"rotation":{"x":0.27611950039863589,"y":-0.0691264346241951,"z":0.01991468109190464,"w":0.9584298133850098},"size":1.5104687213897706,"orthographic":false}