{"cameraMode":{"drawMode":0,"name":"Shaded","section":"Shading Mode"},"sceneLighting":true,"audioPlay":false,"sceneViewState":{"m_AlwaysRefresh":false,"showFog":true,"showSkybox":true,"showFlares":true,"showImageEffects":true,"showParticleSystems":true,"showVisualEffectGraphs":true,"m_FxEnabled":true},"in2DMode":false,"pivot":{"x":-0.015779435634613038,"y":1.6501905918121338,"z":0.09711399674415589},"rotation":{"x":-0.0791761502623558,"y":0.818780779838562,"z":-0.11647917330265045,"w":-0.5565794110298157},"size":0.36350017786026,"orthographic":false}