{"cameraMode":{"drawMode":0,"name":"Shaded","section":"Shading Mode"},"sceneLighting":true,"audioPlay":false,"sceneViewState":{"m_AlwaysRefresh":false,"showFog":false,"showSkybox":true,"showFlares":true,"showImageEffects":true,"showParticleSystems":true,"showVisualEffectGraphs":true,"m_FxEnabled":true},"in2DMode":false,"pivot":{"x":-32.20075607299805,"y":1.7347426414489747,"z":-10.408209800720215},"rotation":{"x":0.04543498158454895,"y":-0.8978599905967712,"z":0.09543762356042862,"w":0.4274172782897949},"size":2.3957316875457765,"orthographic":false}