{"cameraMode":{"drawMode":0,"name":"Shaded","section":"Shading Mode"},"sceneLighting":true,"audioPlay":false,"sceneViewState":{"m_AlwaysRefresh":false,"showFog":false,"showSkybox":true,"showFlares":true,"showImageEffects":true,"showParticleSystems":true,"showVisualEffectGraphs":true,"m_FxEnabled":true},"in2DMode":false,"pivot":{"x":-13.328226089477539,"y":29.765201568603517,"z":12.030115127563477},"rotation":{"x":0.40645140409469607,"y":-0.1510065197944641,"z":0.06830623745918274,"w":0.8985258936882019},"size":18.75758934020996,"orthographic":false}