{"cameraMode":{"drawMode":0,"name":"Shaded","section":"Shading Mode"},"sceneLighting":true,"audioPlay":false,"sceneViewState":{"m_AlwaysRefresh":false,"showFog":false,"showSkybox":true,"showFlares":true,"showImageEffects":true,"showParticleSystems":true,"showVisualEffectGraphs":true,"m_FxEnabled":true},"in2DMode":false,"pivot":{"x":-1.8729000091552735,"y":2.1880931854248049,"z":2.842988967895508},"rotation":{"x":-0.10686907917261124,"y":0.2714061737060547,"z":-0.030305925756692888,"w":-0.9560689926147461},"size":2.0120620727539064,"orthographic":false}