{"cameraMode":{"drawMode":0,"name":"Shaded","section":"Shading Mode"},"sceneLighting":true,"audioPlay":false,"sceneViewState":{"m_AlwaysRefresh":false,"showFog":false,"showSkybox":true,"showFlares":true,"showImageEffects":true,"showParticleSystems":true,"showVisualEffectGraphs":true,"m_FxEnabled":true},"in2DMode":false,"pivot":{"x":0.06801652908325196,"y":1.6833386421203614,"z":19.18621063232422},"rotation":{"x":-0.0464138425886631,"y":0.054507169872522357,"z":-0.0025374034885317089,"w":-0.9974381923675537},"size":12.217550277709961,"orthographic":false}