{"cameraMode":{"drawMode":0,"name":"Shaded","section":"Shading Mode"},"sceneLighting":true,"audioPlay":false,"sceneViewState":{"m_AlwaysRefresh":false,"showFog":false,"showSkybox":true,"showFlares":true,"showImageEffects":true,"showParticleSystems":true,"showVisualEffectGraphs":true,"m_FxEnabled":true},"in2DMode":false,"pivot":{"x":-0.6414023637771606,"y":1.3815395832061768,"z":0.8118876218795776},"rotation":{"x":-0.0018091219244524837,"y":0.0050970823504030708,"z":0.000022298600015346892,"w":-1.0000184774398804},"size":0.1921345740556717,"orthographic":false}