{"cameraMode":{"drawMode":0,"name":"Shaded","section":"Shading Mode"},"sceneLighting":true,"audioPlay":false,"sceneViewState":{"m_AlwaysRefresh":false,"showFog":false,"showSkybox":true,"showFlares":true,"showImageEffects":true,"showParticleSystems":true,"showVisualEffectGraphs":true,"m_FxEnabled":true},"in2DMode":false,"pivot":{"x":-0.3207501471042633,"y":1.4846248626708985,"z":1.0700000524520875},"rotation":{"x":0.04695482552051544,"y":-0.016653161495923997,"z":0.0006955101853236556,"w":0.998763918876648},"size":0.16597938537597657,"orthographic":false}