{"cameraMode":{"drawMode":0,"name":"Shaded","section":"Shading Mode"},"sceneLighting":true,"audioPlay":false,"sceneViewState":{"m_AlwaysRefresh":false,"showFog":false,"showSkybox":true,"showFlares":true,"showImageEffects":true,"showParticleSystems":true,"showVisualEffectGraphs":true,"m_FxEnabled":true},"in2DMode":false,"pivot":{"x":0.032471247017383578,"y":1.999779224395752,"z":1.154908537864685},"rotation":{"x":-0.1639963686466217,"y":-0.09200005978345871,"z":0.015453042462468148,"w":-0.9820398688316345},"size":0.8660253882408142,"orthographic":false}