{"cameraMode":{"drawMode":0,"name":"Shaded","section":"Shading Mode"},"sceneLighting":true,"audioPlay":false,"sceneViewState":{"m_AlwaysRefresh":false,"showFog":false,"showSkybox":true,"showFlares":true,"showImageEffects":true,"showParticleSystems":true,"showVisualEffectGraphs":true,"m_FxEnabled":true},"in2DMode":false,"pivot":{"x":0.1157778650522232,"y":1.6078810691833497,"z":1.1395295858383179},"rotation":{"x":-0.11394672840833664,"y":0.04528867453336716,"z":-0.005168173462152481,"w":-0.9924736618995667},"size":0.4690502882003784,"orthographic":false}