{"cameraMode":{"drawMode":0,"name":"Shaded","section":"Shading Mode"},"sceneLighting":true,"audioPlay":false,"sceneViewState":{"m_AlwaysRefresh":false,"showFog":false,"showSkybox":true,"showFlares":true,"showImageEffects":true,"showParticleSystems":true,"showVisualEffectGraphs":true,"m_FxEnabled":true},"in2DMode":false,"pivot":{"x":0.027657603845000268,"y":1.3834959268569947,"z":1.0696804523468018},"rotation":{"x":-0.03629402071237564,"y":-0.02038814127445221,"z":0.0007585041457787156,"w":-0.9991629719734192},"size":0.9870238900184631,"orthographic":false}