{"cameraMode":{"drawMode":0,"name":"Shaded","section":"Shading Mode"},"sceneLighting":true,"audioPlay":false,"sceneViewState":{"m_AlwaysRefresh":false,"showFog":false,"showSkybox":true,"showFlares":true,"showImageEffects":true,"showParticleSystems":true,"showVisualEffectGraphs":true,"m_FxEnabled":true},"in2DMode":false,"pivot":{"x":0.03970170021057129,"y":1.6140329837799073,"z":1.0664700269699097},"rotation":{"x":0.0739041119813919,"y":-0.013636811636388302,"z":0.0009230240248143673,"w":0.9971774816513062},"size":0.2660253643989563,"orthographic":false}