{"cameraMode":{"drawMode":0,"name":"Shaded","section":"Shading Mode"},"sceneLighting":true,"audioPlay":false,"sceneViewState":{"m_AlwaysRefresh":false,"showFog":false,"showSkybox":true,"showFlares":true,"showImageEffects":true,"showParticleSystems":true,"showVisualEffectGraphs":true,"m_FxEnabled":true},"in2DMode":false,"pivot":{"x":-0.2487630844116211,"y":2.1721878051757814,"z":-4.30644416809082},"rotation":{"x":0.18383477628231049,"y":0.12056180089712143,"z":-0.022745562717318536,"w":0.9752914905548096},"size":0.8804213404655457,"orthographic":false}