{"cameraMode":{"drawMode":0,"name":"Shaded","section":"Shading Mode"},"sceneLighting":true,"audioPlay":false,"sceneViewState":{"m_AlwaysRefresh":false,"showFog":false,"showSkybox":true,"showFlares":true,"showImageEffects":true,"showParticleSystems":true,"showVisualEffectGraphs":true,"m_FxEnabled":true},"in2DMode":false,"pivot":{"x":-1.931279182434082,"y":2.058004140853882,"z":0.2020529806613922},"rotation":{"x":0.04013955965638161,"y":0.7714178562164307,"z":-0.048903629183769229,"w":0.6331857442855835},"size":0.1969347596168518,"orthographic":false}