{"cameraMode":{"drawMode":0,"name":"Shaded","section":"Shading Mode"},"sceneLighting":true,"audioPlay":false,"sceneViewState":{"m_AlwaysRefresh":false,"showFog":false,"showSkybox":true,"showFlares":true,"showImageEffects":true,"showParticleSystems":true,"showVisualEffectGraphs":true,"m_FxEnabled":true},"in2DMode":false,"pivot":{"x":-1.7544984817504883,"y":0.8892245292663574,"z":12.149212837219239},"rotation":{"x":0.15310721099376679,"y":-0.11712618917226792,"z":0.018283594399690629,"w":0.9810947179794312},"size":3.8084700107574465,"orthographic":false}