{"cameraMode":{"drawMode":0,"name":"Shaded","section":"Shading Mode"},"sceneLighting":true,"audioPlay":false,"sceneViewState":{"m_AlwaysRefresh":false,"showFog":false,"showSkybox":true,"showFlares":true,"showImageEffects":true,"showParticleSystems":true,"showVisualEffectGraphs":true,"m_FxEnabled":true},"in2DMode":false,"pivot":{"x":0.19197463989257813,"y":0.5553431510925293,"z":0.05128669738769531},"rotation":{"x":0.03398970142006874,"y":0.9200150370597839,"z":-0.08192162215709686,"w":0.3817310035228729},"size":2.9660251140594484,"orthographic":false}