{"cameraMode":{"drawMode":0,"name":"Shaded","section":"Shading Mode"},"sceneLighting":true,"audioPlay":false,"sceneViewState":{"m_AlwaysRefresh":false,"showFog":false,"showSkybox":true,"showFlares":true,"showImageEffects":true,"showParticleSystems":true,"showVisualEffectGraphs":true,"m_FxEnabled":true},"in2DMode":false,"pivot":{"x":4.274802207946777,"y":1.8133482933044434,"z":1.4187278747558594},"rotation":{"x":0.15090312063694,"y":-0.016310205683112146,"z":0.0024875763338059189,"w":0.9884274005889893},"size":1.1540374755859376,"orthographic":false}