{"cameraMode":{"drawMode":0,"name":"Shaded","section":"Shading Mode"},"sceneLighting":true,"audioPlay":false,"sceneViewState":{"m_AlwaysRefresh":false,"showFog":false,"showSkybox":true,"showFlares":true,"showImageEffects":true,"showParticleSystems":true,"showVisualEffectGraphs":true,"m_FxEnabled":true},"in2DMode":false,"pivot":{"x":0.811741828918457,"y":20.454551696777345,"z":24.006540298461915},"rotation":{"x":-0.022175686433911325,"y":-0.03480668365955353,"z":-0.0007686464232392609,"w":0.9991700053215027},"size":10.13827133178711,"orthographic":false}