{"cameraMode":{"drawMode":0,"name":"Shaded","section":"Shading Mode"},"sceneLighting":true,"audioPlay":false,"sceneViewState":{"m_AlwaysRefresh":false,"showFog":false,"showSkybox":true,"showFlares":true,"showImageEffects":true,"showParticleSystems":true,"showVisualEffectGraphs":true,"m_FxEnabled":true},"in2DMode":false,"pivot":{"x":-41.442535400390628,"y":9.782186508178711,"z":45.69384002685547},"rotation":{"x":0.18924221396446229,"y":0.06475164741277695,"z":-0.012511645443737507,"w":0.9797242283821106},"size":9.718618392944336,"orthographic":false}