{"cameraMode":{"drawMode":0,"name":"Shaded","section":"Shading Mode"},"sceneLighting":true,"audioPlay":false,"sceneViewState":{"m_AlwaysRefresh":false,"showFog":false,"showSkybox":true,"showFlares":true,"showImageEffects":true,"showParticleSystems":true,"showVisualEffectGraphs":true,"m_FxEnabled":true},"in2DMode":false,"pivot":{"x":89.51537322998047,"y":-124.35043334960938,"z":43.13429260253906},"rotation":{"x":-0.1523769199848175,"y":-0.018685461953282357,"z":0.0028804554603993894,"w":-0.9881471395492554},"size":71.0128402709961,"orthographic":false}