{"cameraMode":{"drawMode":0,"name":"Shaded","section":"Shading Mode"},"sceneLighting":true,"audioPlay":false,"sceneViewState":{"m_AlwaysRefresh":false,"showFog":false,"showSkybox":true,"showFlares":true,"showImageEffects":true,"showParticleSystems":true,"showVisualEffectGraphs":true,"m_FxEnabled":true},"in2DMode":false,"pivot":{"x":-0.2992628216743469,"y":1.5796812772750855,"z":1.0731509923934937},"rotation":{"x":-0.03851325437426567,"y":-0.0031624038238078357,"z":-0.0002092525828629732,"w":0.9992594718933106},"size":0.3870238661766052,"orthographic":false}