{"cameraMode":{"drawMode":0,"name":"Shaded","section":"Shading Mode"},"sceneLighting":true,"audioPlay":false,"sceneViewState":{"m_AlwaysRefresh":false,"showFog":false,"showSkybox":true,"showFlares":true,"showImageEffects":true,"showParticleSystems":true,"showVisualEffectGraphs":true,"m_FxEnabled":true},"in2DMode":false,"pivot":{"x":-89.83600616455078,"y":2.8867762088775636,"z":-45.08787536621094},"rotation":{"x":0.18501995503902436,"y":-0.7004476189613342,"z":0.19612258672714234,"w":0.6608232259750366},"size":0.025737063959240915,"orthographic":false}