{"cameraMode":{"drawMode":0,"name":"Shaded","section":"Shading Mode"},"sceneLighting":false,"audioPlay":false,"sceneViewState":{"m_AlwaysRefresh":false,"showFog":false,"showSkybox":false,"showFlares":true,"showImageEffects":true,"showParticleSystems":true,"showVisualEffectGraphs":true,"m_FxEnabled":true},"in2DMode":false,"pivot":{"x":0.5144340991973877,"y":1.0102249383926392,"z":-0.14780458807945252},"rotation":{"x":-0.14315885305404664,"y":-0.6670355796813965,"z":0.13276158273220063,"w":-0.7190151810646057},"size":1.9500000476837159,"orthographic":false}