{"cameraMode":{"drawMode":0,"name":"Shaded","section":"Shading Mode"},"sceneLighting":false,"audioPlay":false,"sceneViewState":{"m_AlwaysRefresh":false,"showFog":false,"showSkybox":false,"showFlares":true,"showImageEffects":true,"showParticleSystems":true,"showVisualEffectGraphs":true,"m_FxEnabled":true},"in2DMode":false,"pivot":{"x":-1.4959373474121094,"y":83.75660705566406,"z":-1.0632343292236329},"rotation":{"x":-0.2652323842048645,"y":0.11163034290075302,"z":-0.030931850895285608,"w":-0.9572014212608337},"size":143.81956481933595,"orthographic":false}