{"cameraMode":{"drawMode":0,"name":"Shaded","section":"Shading Mode"},"sceneLighting":false,"audioPlay":false,"sceneViewState":{"m_AlwaysRefresh":false,"showFog":false,"showSkybox":false,"showFlares":true,"showImageEffects":true,"showParticleSystems":true,"showVisualEffectGraphs":true,"m_FxEnabled":false},"in2DMode":false,"pivot":{"x":-0.05227077007293701,"y":0.7112599611282349,"z":0.09013015031814575},"rotation":{"x":0.18511059880256654,"y":0.6514828205108643,"z":-0.1683541238307953,"w":0.7162507772445679},"size":1.735241413116455,"orthographic":false}