{"cameraMode":{"drawMode":0,"name":"Shaded","section":"Shading Mode"},"sceneLighting":false,"audioPlay":false,"sceneViewState":{"m_AlwaysRefresh":false,"showFog":false,"showSkybox":false,"showFlares":true,"showImageEffects":true,"showParticleSystems":true,"showVisualEffectGraphs":true,"m_FxEnabled":true},"in2DMode":false,"pivot":{"x":32.31903076171875,"y":-32.202613830566409,"z":-8.000213623046875},"rotation":{"x":0.0709131583571434,"y":0.010299613699316979,"z":-0.0008193851099349558,"w":0.9974360466003418},"size":48.527801513671878,"orthographic":false}