{"cameraMode":{"drawMode":0,"name":"Shaded","section":"Shading Mode"},"sceneLighting":false,"audioPlay":false,"sceneViewState":{"m_AlwaysRefresh":false,"showFog":false,"showSkybox":false,"showFlares":true,"showImageEffects":true,"showParticleSystems":true,"showVisualEffectGraphs":true,"m_FxEnabled":true},"in2DMode":false,"pivot":{"x":372.2429504394531,"y":183.72520446777345,"z":4.70684814453125},"rotation":{"x":-0.0038042133674025537,"y":0.0016011148691177369,"z":-0.000443656143033877,"w":-0.9999914169311523},"size":499.6993713378906,"orthographic":true}