{"cameraMode":{"drawMode":0,"name":"Shaded","section":"Shading Mode"},"sceneLighting":false,"audioPlay":false,"sceneViewState":{"m_AlwaysRefresh":false,"showFog":false,"showSkybox":false,"showFlares":false,"showImageEffects":false,"showParticleSystems":false,"showVisualEffectGraphs":true,"m_FxEnabled":true},"in2DMode":false,"pivot":{"x":0.0667504072189331,"y":0.20744550228118897,"z":0.1827753782272339},"rotation":{"x":-0.19923485815525056,"y":0.4907324016094208,"z":-0.11634401232004166,"w":-0.8402404189109802},"size":0.3550526201725006,"orthographic":false}