{"cameraMode":{"drawMode":0,"name":"Shaded","section":"Shading Mode"},"sceneLighting":false,"audioPlay":false,"sceneViewState":{"m_AlwaysRefresh":false,"showFog":false,"showSkybox":false,"showFlares":false,"showImageEffects":false,"showParticleSystems":false,"showVisualEffectGraphs":true,"m_FxEnabled":true},"in2DMode":false,"pivot":{"x":-0.058800339698791507,"y":1.1485726833343506,"z":0.11645910143852234},"rotation":{"x":-0.17241983115673066,"y":0.24165329337120057,"z":-0.043660569936037067,"w":-0.9539502859115601},"size":0.7575926184654236,"orthographic":false}