{"cameraMode":{"drawMode":0,"name":"Shaded","section":"Shading Mode"},"sceneLighting":false,"audioPlay":false,"sceneViewState":{"m_AlwaysRefresh":false,"showFog":false,"showSkybox":false,"showFlares":true,"showImageEffects":true,"showParticleSystems":true,"showVisualEffectGraphs":true,"m_FxEnabled":false},"in2DMode":false,"pivot":{"x":-0.18456967175006867,"y":-0.0005348026752471924,"z":-0.7605268955230713},"rotation":{"x":0.0003877010603900999,"y":0.998874306678772,"z":-0.04738038405776024,"w":0.007710762321949005},"size":2.1316897869110109,"orthographic":false}