{"cameraMode":{"drawMode":0,"name":"Shaded","section":"Shading Mode"},"sceneLighting":false,"audioPlay":false,"sceneViewState":{"m_AlwaysRefresh":false,"showFog":false,"showSkybox":false,"showFlares":true,"showImageEffects":true,"showParticleSystems":true,"showVisualEffectGraphs":true,"m_FxEnabled":false},"in2DMode":false,"pivot":{"x":0.6092671155929565,"y":-0.6605451703071594,"z":-1.6345863342285157},"rotation":{"x":-0.001976458355784416,"y":0.9974973201751709,"z":-0.0638260468840599,"w":-0.031212735921144487},"size":3.549999952316284,"orthographic":false}