{"cameraMode":{"drawMode":0,"name":"Shaded","section":"Shading Mode"},"sceneLighting":false,"audioPlay":false,"sceneViewState":{"m_AlwaysRefresh":false,"showFog":false,"showSkybox":false,"showFlares":true,"showImageEffects":true,"showParticleSystems":true,"showVisualEffectGraphs":true,"m_FxEnabled":true},"in2DMode":false,"pivot":{"x":0.10478127002716065,"y":0.9702324867248535,"z":0.6719779968261719},"rotation":{"x":0.3343627154827118,"y":-0.11271880567073822,"z":0.04031723737716675,"w":0.9348101615905762},"size":3.5660252571105959,"orthographic":false}