{"cameraMode":{"drawMode":0,"name":"Shaded","section":"Shading Mode"},"sceneLighting":false,"audioPlay":false,"sceneViewState":{"m_AlwaysRefresh":false,"showFog":false,"showSkybox":false,"showFlares":true,"showImageEffects":true,"showParticleSystems":true,"showVisualEffectGraphs":true,"m_FxEnabled":true},"in2DMode":false,"pivot":{"x":0.07116983830928803,"y":1.7035578489303589,"z":0.3938472270965576},"rotation":{"x":0.1472521424293518,"y":0.09627430140972138,"z":-0.014402749948203564,"w":0.9842971563339233},"size":0.00838430318981409,"orthographic":false}