{"cameraMode":{"drawMode":0,"name":"Shaded","section":"Shading Mode"},"sceneLighting":false,"audioPlay":false,"sceneViewState":{"m_AlwaysRefresh":false,"showFog":false,"showSkybox":false,"showFlares":true,"showImageEffects":true,"showParticleSystems":true,"showVisualEffectGraphs":true,"m_FxEnabled":true},"in2DMode":false,"pivot":{"x":1043.1170654296875,"y":1035.297119140625,"z":-78.35662841796875},"rotation":{"x":0.06692668795585633,"y":0.12389587610960007,"z":-0.00837569311261177,"w":0.9900002479553223},"size":167.93922424316407,"orthographic":false}