{"cameraMode":{"drawMode":0,"name":"Shaded","section":"Shading Mode"},"sceneLighting":false,"audioPlay":false,"sceneViewState":{"m_AlwaysRefresh":false,"showFog":false,"showSkybox":false,"showFlares":true,"showImageEffects":true,"showParticleSystems":true,"showVisualEffectGraphs":true,"m_FxEnabled":true},"in2DMode":false,"pivot":{"x":0.0000011920928955078126,"y":1.3249144554138184,"z":0.5779476165771484},"rotation":{"x":-0.09944897890090943,"y":0.8208313584327698,"z":-0.1506386697292328,"w":-0.5418986082077026},"size":1.9620181322097779,"orthographic":false}