{"cameraMode":{"drawMode":0,"name":"Shaded","section":"Shading Mode"},"sceneLighting":false,"audioPlay":false,"sceneViewState":{"m_AlwaysRefresh":false,"showFog":false,"showSkybox":false,"showFlares":true,"showImageEffects":true,"showParticleSystems":true,"showVisualEffectGraphs":true,"m_FxEnabled":true},"in2DMode":false,"pivot":{"x":0.7224782705307007,"y":2.6012699604034426,"z":0.6121350526809692},"rotation":{"x":0.037409573793411258,"y":0.06590572744607926,"z":-0.00247262348420918,"w":0.9971213340759277},"size":0.32204723358154299,"orthographic":false}