{"cameraMode":{"drawMode":0,"name":"Shaded","section":"Shading Mode"},"sceneLighting":false,"audioPlay":false,"sceneViewState":{"m_AlwaysRefresh":false,"showFog":false,"showSkybox":false,"showFlares":true,"showImageEffects":true,"showParticleSystems":true,"showVisualEffectGraphs":true,"m_FxEnabled":true},"in2DMode":false,"pivot":{"x":0.1336093544960022,"y":1.276882529258728,"z":0.13377627730369569},"rotation":{"x":0.10990894585847855,"y":0.8024463057518005,"z":-0.15599139034748078,"w":0.5653921961784363},"size":0.7763354182243347,"orthographic":false}