{"cameraMode":{"drawMode":0,"name":"Shaded","section":"Shading Mode"},"sceneLighting":false,"audioPlay":false,"sceneViewState":{"m_AlwaysRefresh":false,"showFog":false,"showSkybox":false,"showFlares":true,"showImageEffects":true,"showParticleSystems":true,"showVisualEffectGraphs":true,"m_FxEnabled":true},"in2DMode":false,"pivot":{"x":5.007701873779297,"y":15.28631591796875,"z":-0.949920654296875},"rotation":{"x":0.1216755211353302,"y":-0.0016663428395986558,"z":0.00011636229464784265,"w":0.9925747513771057},"size":165.22900390625,"orthographic":false}