{"cameraMode":{"drawMode":0,"name":"Shaded","section":"Shading Mode"},"sceneLighting":false,"audioPlay":false,"sceneViewState":{"m_AlwaysRefresh":false,"showFog":false,"showSkybox":false,"showFlares":true,"showImageEffects":true,"showParticleSystems":true,"showVisualEffectGraphs":true,"m_FxEnabled":true},"in2DMode":false,"pivot":{"x":-40.59114074707031,"y":50.290069580078128,"z":16.694305419921876},"rotation":{"x":0.015476553700864315,"y":-0.010668043978512288,"z":0.00007788024959154427,"w":0.9998293519020081},"size":150.08328247070313,"orthographic":false}