{"cameraMode":{"drawMode":0,"name":"Shaded","section":"Shading Mode"},"sceneLighting":false,"audioPlay":false,"sceneViewState":{"m_AlwaysRefresh":false,"showFog":false,"showSkybox":false,"showFlares":true,"showImageEffects":true,"showParticleSystems":true,"showVisualEffectGraphs":true,"m_FxEnabled":false},"in2DMode":false,"pivot":{"x":-0.4800942540168762,"y":0.08312129974365235,"z":0.212532639503479},"rotation":{"x":0.03328608721494675,"y":0.9589173793792725,"z":-0.12672565877437592,"w":0.2517256438732147},"size":1.5018980503082276,"orthographic":false}