{"cameraMode":{"drawMode":0,"name":"Shaded","section":"Shading Mode"},"sceneLighting":false,"audioPlay":false,"sceneViewState":{"m_AlwaysRefresh":false,"showFog":false,"showSkybox":false,"showFlares":true,"showImageEffects":true,"showParticleSystems":true,"showVisualEffectGraphs":true,"m_FxEnabled":true},"in2DMode":false,"pivot":{"x":4.289005279541016,"y":4.000000953674316,"z":-5.585995197296143},"rotation":{"x":-0.0007289746426977217,"y":-0.9988581538200378,"z":0.044979073107242587,"w":-0.016186559572815896},"size":11.491903305053711,"orthographic":false}