{"cameraMode":{"drawMode":0,"name":"Shaded","section":"Shading Mode"},"sceneLighting":false,"audioPlay":false,"sceneViewState":{"m_AlwaysRefresh":false,"showFog":false,"showSkybox":false,"showFlares":true,"showImageEffects":true,"showParticleSystems":true,"showVisualEffectGraphs":true,"m_FxEnabled":false},"in2DMode":false,"pivot":{"x":2.8905906677246095,"y":3.089794158935547,"z":-0.16531944274902345},"rotation":{"x":0.033419009298086169,"y":-0.8925142288208008,"z":0.06706439703702927,"w":0.44475072622299197},"size":0.686594545841217,"orthographic":false}