{"cameraMode":{"drawMode":0,"name":"Shaded","section":"Shading Mode"},"sceneLighting":false,"audioPlay":false,"sceneViewState":{"m_AlwaysRefresh":false,"showFog":false,"showSkybox":false,"showFlares":true,"showImageEffects":true,"showParticleSystems":true,"showVisualEffectGraphs":true,"m_FxEnabled":true},"in2DMode":false,"pivot":{"x":0.015475273132324219,"y":1.4921307563781739,"z":0.42124879360198977},"rotation":{"x":-0.15841881930828095,"y":0.771763026714325,"z":-0.21135808527469636,"w":-0.5784584879875183},"size":1.0489137172698975,"orthographic":false}