{"cameraMode":{"drawMode":0,"name":"Shaded","section":"Shading Mode"},"sceneLighting":false,"audioPlay":false,"sceneViewState":{"m_AlwaysRefresh":false,"showFog":false,"showSkybox":false,"showFlares":true,"showImageEffects":true,"showParticleSystems":true,"showVisualEffectGraphs":true,"m_FxEnabled":true},"in2DMode":false,"pivot":{"x":0.017604820430278779,"y":1.4752663373947144,"z":0.21046721935272218},"rotation":{"x":-0.1734286993741989,"y":-0.0008889996679499745,"z":0.00015660328790545464,"w":-0.9848484992980957},"size":1.0177638530731202,"orthographic":false}