{"cameraMode":{"drawMode":0,"name":"Shaded","section":"Shading Mode"},"sceneLighting":false,"audioPlay":false,"sceneViewState":{"m_AlwaysRefresh":false,"showFog":false,"showSkybox":false,"showFlares":true,"showImageEffects":true,"showParticleSystems":true,"showVisualEffectGraphs":true,"m_FxEnabled":true},"in2DMode":false,"pivot":{"x":0.015475273132324219,"y":1.4124891757965088,"z":0.34024882316589358},"rotation":{"x":0.003046246012672782,"y":-0.6866685152053833,"z":-0.002877291291952133,"w":-0.7269613742828369},"size":1.0398085117340088,"orthographic":false}