{"cameraMode":{"drawMode":0,"name":"Shaded","section":"Shading Mode"},"sceneLighting":false,"audioPlay":false,"sceneViewState":{"m_AlwaysRefresh":false,"showFog":false,"showSkybox":false,"showFlares":true,"showImageEffects":true,"showParticleSystems":true,"showVisualEffectGraphs":true,"m_FxEnabled":true},"in2DMode":false,"pivot":{"x":-0.21577125787734986,"y":0.9068748950958252,"z":-0.8734331130981445},"rotation":{"x":-0.0014963633147999645,"y":-0.9967771172523499,"z":0.07790675014257431,"w":-0.019144102931022645},"size":1.7660255432128907,"orthographic":false}