{"cameraMode":{"drawMode":0,"name":"Shaded","section":"Shading Mode"},"sceneLighting":false,"audioPlay":false,"sceneViewState":{"m_AlwaysRefresh":false,"showFog":false,"showSkybox":false,"showFlares":true,"showImageEffects":true,"showParticleSystems":true,"showVisualEffectGraphs":true,"m_FxEnabled":true},"in2DMode":false,"pivot":{"x":-0.0018314123153686524,"y":0.7921959161758423,"z":0.2776157855987549},"rotation":{"x":-0.05035729333758354,"y":0.9494925737380981,"z":-0.21014222502708436,"w":-0.2275308519601822},"size":1.4894187450408936,"orthographic":false}