{"cameraMode":{"drawMode":0,"name":"Shaded","section":"Shading Mode"},"sceneLighting":false,"audioPlay":false,"sceneViewState":{"m_AlwaysRefresh":false,"showFog":false,"showSkybox":false,"showFlares":true,"showImageEffects":true,"showParticleSystems":true,"showVisualEffectGraphs":true,"m_FxEnabled":false},"in2DMode":false,"pivot":{"x":-0.17578986287117005,"y":1.0744489431381226,"z":-0.031937479972839358},"rotation":{"x":-0.18647027015686036,"y":-0.04949574172496796,"z":0.009406558237969876,"w":-0.981167197227478},"size":0.663500189781189,"orthographic":false}