{"cameraMode":{"drawMode":0,"name":"Shaded","section":"Shading Mode"},"sceneLighting":false,"audioPlay":false,"sceneViewState":{"m_AlwaysRefresh":false,"showFog":false,"showSkybox":false,"showFlares":true,"showImageEffects":true,"showParticleSystems":true,"showVisualEffectGraphs":true,"m_FxEnabled":true},"in2DMode":false,"pivot":{"x":0.741102933883667,"y":1.4299893379211426,"z":0.017937183380126954},"rotation":{"x":-0.05035729333758354,"y":0.9494925737380981,"z":-0.21014222502708436,"w":-0.2275308519601822},"size":0.3862113356590271,"orthographic":false}