{"cameraMode":{"drawMode":0,"name":"Shaded","section":"Shading Mode"},"sceneLighting":false,"audioPlay":false,"sceneViewState":{"m_AlwaysRefresh":false,"showFog":false,"showSkybox":false,"showFlares":true,"showImageEffects":true,"showParticleSystems":true,"showVisualEffectGraphs":true,"m_FxEnabled":false},"in2DMode":false,"pivot":{"x":-0.13935184478759767,"y":1.6919353008270264,"z":-0.36695781350135805},"rotation":{"x":0.15617167949676515,"y":0.6670315265655518,"z":-0.14593195915222169,"w":0.7137469053268433},"size":3.9073946475982668,"orthographic":false}