{"cameraMode":{"drawMode":0,"name":"Shaded","section":"Shading Mode"},"sceneLighting":false,"audioPlay":false,"sceneViewState":{"m_AlwaysRefresh":false,"showFog":false,"showSkybox":false,"showFlares":true,"showImageEffects":true,"showParticleSystems":true,"showVisualEffectGraphs":true,"m_FxEnabled":false},"in2DMode":false,"pivot":{"x":-2.5657782554626467,"y":0.27522969245910647,"z":2.1161410808563234},"rotation":{"x":-0.17852264642715455,"y":0.5010944604873657,"z":-0.10649954527616501,"w":-0.840080976486206},"size":3.3073947429656984,"orthographic":false}