{"cameraMode":{"drawMode":0,"name":"Shaded","section":"Shading Mode"},"sceneLighting":false,"audioPlay":false,"sceneViewState":{"m_AlwaysRefresh":false,"showFog":false,"showSkybox":false,"showFlares":true,"showImageEffects":true,"showParticleSystems":true,"showVisualEffectGraphs":true,"m_FxEnabled":false},"in2DMode":false,"pivot":{"x":0.7485789060592651,"y":1.2841691970825196,"z":0.18742752075195313},"rotation":{"x":-0.030036667361855508,"y":-0.9455614686012268,"z":0.09135016798973084,"w":-0.3109472990036011},"size":1.0763354301452637,"orthographic":false}