{"cameraMode":{"drawMode":0,"name":"Shaded","section":"Shading Mode"},"sceneLighting":false,"audioPlay":false,"sceneViewState":{"m_AlwaysRefresh":false,"showFog":false,"showSkybox":false,"showFlares":true,"showImageEffects":true,"showParticleSystems":true,"showVisualEffectGraphs":true,"m_FxEnabled":true},"in2DMode":false,"pivot":{"x":-0.07681572437286377,"y":1.3523364067077637,"z":0.26667383313179018},"rotation":{"x":-0.04947387054562569,"y":-0.8971523642539978,"z":0.10408449918031693,"w":-0.42642852663993838},"size":0.7763354182243347,"orthographic":false}