{"cameraMode":{"drawMode":0,"name":"Shaded","section":"Shading Mode"},"sceneLighting":false,"audioPlay":false,"sceneViewState":{"m_AlwaysRefresh":false,"showFog":false,"showSkybox":false,"showFlares":true,"showImageEffects":true,"showParticleSystems":true,"showVisualEffectGraphs":true,"m_FxEnabled":true},"in2DMode":false,"pivot":{"x":-0.0018314123153686524,"y":0.7921959161758423,"z":0.2776157855987549},"rotation":{"x":0.03007042407989502,"y":-0.8780692219734192,"z":0.05566427484154701,"w":0.474337100982666},"size":1.4894187450408936,"orthographic":false}