{"cameraMode":{"drawMode":0,"name":"Shaded","section":"Shading Mode"},"sceneLighting":false,"audioPlay":false,"sceneViewState":{"m_AlwaysRefresh":false,"showFog":false,"showSkybox":false,"showFlares":true,"showImageEffects":true,"showParticleSystems":true,"showVisualEffectGraphs":true,"m_FxEnabled":true},"in2DMode":false,"pivot":{"x":0.13192357122898103,"y":0.9012033343315125,"z":0.4172883629798889},"rotation":{"x":-0.005729599855840206,"y":-0.9852946400642395,"z":0.16741836071014405,"w":-0.03371834009885788},"size":0.5831932425498962,"orthographic":false}