{"cameraMode":{"drawMode":0,"name":"Shaded","section":"Shading Mode"},"sceneLighting":false,"audioPlay":false,"sceneViewState":{"m_AlwaysRefresh":false,"showFog":false,"showSkybox":false,"showFlares":true,"showImageEffects":true,"showParticleSystems":true,"showVisualEffectGraphs":true,"m_FxEnabled":true},"in2DMode":false,"pivot":{"x":-0.0018314123153686524,"y":0.7921959161758423,"z":0.2776157855987549},"rotation":{"x":0.019888583570718766,"y":-0.939347505569458,"z":0.3379039168357849,"w":0.055289700627326968},"size":1.4894187450408936,"orthographic":false}