{"cameraMode":{"drawMode":0,"name":"Shaded","section":"Shading Mode"},"sceneLighting":false,"audioPlay":false,"sceneViewState":{"m_AlwaysRefresh":false,"showFog":false,"showSkybox":false,"showFlares":true,"showImageEffects":true,"showParticleSystems":true,"showVisualEffectGraphs":true,"m_FxEnabled":true},"in2DMode":false,"pivot":{"x":0.0000010728836059570313,"y":1.6653059720993043,"z":-0.0021737515926361086},"rotation":{"x":0.2147330343723297,"y":0.09650972485542298,"z":-0.021327942609786989,"w":0.9716624021530151},"size":1.4813828468322755,"orthographic":false}