{"cameraMode":{"drawMode":0,"name":"Shaded","section":"Shading Mode"},"sceneLighting":false,"audioPlay":false,"sceneViewState":{"m_AlwaysRefresh":false,"showFog":false,"showSkybox":false,"showFlares":true,"showImageEffects":true,"showParticleSystems":true,"showVisualEffectGraphs":true,"m_FxEnabled":true},"in2DMode":false,"pivot":{"x":1549.612548828125,"y":126.16566467285156,"z":-15.672111511230469},"rotation":{"x":-0.02096198871731758,"y":0.05876984819769859,"z":0.0012357737869024277,"w":0.9980875849723816},"size":41.938682556152347,"orthographic":false}