{"cameraMode":{"drawMode":0,"name":"Shaded","section":"Shading Mode"},"sceneLighting":false,"audioPlay":false,"sceneViewState":{"m_AlwaysRefresh":false,"showFog":false,"showSkybox":false,"showFlares":true,"showImageEffects":true,"showParticleSystems":true,"showVisualEffectGraphs":true,"m_FxEnabled":true},"in2DMode":false,"pivot":{"x":0.6142797470092773,"y":0.1169593334197998,"z":-3.251580238342285},"rotation":{"x":-0.08389745652675629,"y":0.44451946020126345,"z":-0.04186125472187996,"w":-0.8908536434173584},"size":0.8950093984603882,"orthographic":false}