{"cameraMode":{"drawMode":0,"name":"Shaded","section":"Shading Mode"},"sceneLighting":false,"audioPlay":false,"sceneViewState":{"m_AlwaysRefresh":false,"showFog":false,"showSkybox":false,"showFlares":true,"showImageEffects":true,"showParticleSystems":true,"showVisualEffectGraphs":true,"m_FxEnabled":true},"in2DMode":false,"pivot":{"x":-0.09328490495681763,"y":1.443623661994934,"z":0.16131100058555604},"rotation":{"x":-0.10574167966842652,"y":0.8124164938926697,"z":-0.15566223859786988,"w":-0.5518760681152344},"size":0.9031050801277161,"orthographic":false}