{"cameraMode":{"drawMode":0,"name":"Shaded","section":"Shading Mode"},"sceneLighting":false,"audioPlay":false,"sceneViewState":{"m_AlwaysRefresh":false,"showFog":false,"showSkybox":false,"showFlares":true,"showImageEffects":true,"showParticleSystems":true,"showVisualEffectGraphs":true,"m_FxEnabled":false},"in2DMode":false,"pivot":{"x":-0.048798203468322757,"y":-0.0820273756980896,"z":2.9841346740722658},"rotation":{"x":0.1629967838525772,"y":-0.4590277075767517,"z":0.08610138297080994,"w":0.8691025376319885},"size":1.4259495735168458,"orthographic":false}